"subject","version","assignmentId","guess1","guess2","guess3","cc1","cc2","cc3","experienced","instructions_time","total_time","stamp","id"
"A2DPKKEEW2I6QK","caus_thomas_boxes_v3","392CY0QWG1SZ3I8U91VP1JG5XIL4IG","0","1","1","Yes","No","No","No","5136","33500","2017-10-06 16:28:29","1624"
"A33QX0QXEX943S","caus_thomas_boxes_v3","3DPNQGW4LLGJAYDT70M04GQ0ORR64P","0","0","1","Yes","No","Yes","No","25271","87384","2017-10-06 16:29:38","1625"
"A1KH1O9AZ7S642","caus_thomas_boxes_v3","3E4GGUZ1T8SG6ZJV5QXDLKYK58E2KT","0","1","1","No","No","No","No","29274","113793","2017-10-06 16:29:40","1626"
"A1F1OZ54G177D8","caus_thomas_boxes_v3","3JNQLM5FT4NRQ51DQQ9E0KBZU8JL2F","0","0","1","No","Yes","Yes","No","30267","110966","2017-10-06 16:29:50","1627"
"A1APVA18JOY1LT","caus_thomas_boxes_v3","3QILPRALQ5WS0K6NIKYUN3SRL3BN8M","0","1","0","No","Yes","Yes","Not sure","48607","115360","2017-10-06 16:29:59","1628"
"A34GYENUP0ZPMC","caus_thomas_boxes_v3","3MRNMEIQW57ETFZTNFTVW323RZ8LDO","0","1","0","No","Yes","Yes","No","34988","98049","2017-10-06 16:30:16","1629"
"AVZC6UMLYGFB","caus_thomas_boxes_v3","3VBEN272MK049C4A9ER4EAJVWLWSGJ","0","1","1","No","Yes","Yes","No","40602","130773","2017-10-06 16:30:29","1630"
"A1JFQYGO8M6EWX","caus_thomas_boxes_v3","3PM8NZGV8YH3IIKN6K237W4PHN7QXK","0","1","0","No","Yes","Yes","No","56074","119739","2017-10-06 16:30:33","1631"
"A3UQXYJ8EV62WE","caus_thomas_boxes_v3","3OB0CAO74HQF5UBUSQ1BHWJXS65HYL","0","1","1","No","Yes","Yes","No","52000","149922","2017-10-06 16:30:33","1632"
"A1IEFZ8RTKERMP","caus_thomas_boxes_v3","3ZAK8W07I4FNDLLTKHX18JE3A1SU0Y","0","1","1","No","Yes","Yes","Yes","32621","88125","2017-10-06 16:30:35","1633"
"A31Q7PWLBCU2X0","caus_thomas_boxes_v3","3S0TNUHWKTJJE8FATQKRRYGX7Z98DP","0","1","1","No","Yes","Yes","No","59833","96674","2017-10-06 16:30:37","1634"
"A23JA6ICO4BPQ5","caus_thomas_boxes_v3","38SKSKU7R1YV1QFFFTU6N0IGJ4HILO","0","1","1","No","Yes","Yes","Yes","22962","59851","2017-10-06 16:30:42","1635"
"A2IGPW784OFV3D","caus_thomas_boxes_v3","3EFE17QCRC6I98ZLTK9MZAVWBL9SHI","0","0","1","No","Yes","Yes","No","45398","181221","2017-10-06 16:31:04","1636"
"A2S3SV1LQTKJ8K","caus_thomas_boxes_v3","3TAYZSBPLL9EUIW3AZ6FC6PUM2RS20","0","1","0","No","Yes","Yes","No","48480","104265","2017-10-06 16:31:23","1637"
"A1BLAWP38JPWDD","caus_thomas_boxes_v3","39DD6S19JPC3QAUXYBVOA0VM6KIEZU","0","1","1","No","Yes","Yes","No","29665","89521","2017-10-06 16:31:26","1638"
"ALCTVF1E5UJSH","caus_thomas_boxes_v3","31IBVUNM9S0EN4PJSPQR7C3QUAQVFS","0","1","0","No","Yes","Yes","No","94424","193068","2017-10-06 16:31:27","1639"
"A1C7JU0JCT5SR7","caus_thomas_boxes_v3","32RIADZISS5OXWBQEDP35LMS6GO4S9","0","1","0","Yes","Yes","Yes","No","44847","113954","2017-10-06 16:31:28","1640"
"A7KLTVEIASF4J","caus_thomas_boxes_v3","3GM6G9ZBKNY5GMDB9HUP1KZEUQMTMH","1","1","0","No","No","No","No","4763","47042","2017-10-06 16:31:30","1641"
"A2Z7W25ZQ8PENR","caus_thomas_boxes_v3","3LYA37P8IQOAUCJROJQOMD1OZESKBE","1","1","1","Not sure","Not sure","Not sure","No","32703","87282","2017-10-06 16:31:42","1642"
"A7DKZVR74XXRH","caus_thomas_boxes_v3","3NAPMVF0ZWGSBKCBMW84HFTYZOF72T","0","1","0","No","Yes","Yes","No","55675","159720","2017-10-06 16:31:46","1643"
"A1S3VIOXMGN0QN","caus_thomas_boxes_v3","3CN4LGXD5XPLTINZDJHSN7ATN1J4YM","0","1","1","No","Yes","Yes","No","82793","194242","2017-10-06 16:31:48","1644"
"A2M3KQ9CKP7YW","caus_thomas_boxes_v3","38YMOXR4MU0VJ0WDH6SJZ89R8KQ6WB","0","0","1","No","Yes","Yes","No","52967","142775","2017-10-06 16:31:48","1645"
"A1BM57TUNAQIXM","caus_thomas_boxes_v3","34PGFRQONOC77VBK1PM88CEWUQAJWU","0","0","1","No","Yes","Yes","No","27163","71000","2017-10-06 16:31:50","1646"
"A1Z6F664MYBMVI","caus_thomas_boxes_v3","3X4JMASXCMA8HMCNKQG63TMFLGM0BO","0","1","0","No","Yes","Yes","No","48658","150002","2017-10-06 16:32:01","1647"
"A25NRZFFVPNH1B","caus_thomas_boxes_v3","3VNXK88KKCJ5MUY6P3QZXGHFRCW9VF","1","0","0","No","Yes","Yes","No","47082","174533","2017-10-06 16:32:03","1648"
"A38KA8KXRLEM7M","caus_thomas_boxes_v3","3TU5ZICBRD2D3HJFYCQBRXNWQEZ8QV","0","1","1","No","Yes","Yes","No","99404","234822","2017-10-06 16:32:31","1649"
"A2AK649KPZ2IZN","caus_thomas_boxes_v3","3NS0A6KXC491AOQO46LCA3GYJ0XGZD","0","1","1","No","No","Yes","No","33102","97706","2017-10-06 16:32:34","1650"
"A3TK7HVFEKB00R","caus_thomas_boxes_v3","3P4RDNWND57P60RFC8IT7L5OFFCJIN","1","1","0","Not sure","No","No","No","11796","83096","2017-10-06 16:32:35","1651"
"A1QVNF19XSRSD7","caus_thomas_boxes_v3","3MYYFCXHJ38L7R2ZJDVMG73PI5TG40","0","1","0","No","Yes","Yes","No","6285","30391","2017-10-06 16:33:08","1652"
"A3PKNPKC9QWYVV","caus_thomas_boxes_v3","34YB12FSQYP1BHR5PHVI21KP4WEMG1","0","1","0","No","Yes","Yes","No","95599","278550","2017-10-06 16:33:13","1653"
"A1Y508FNU04ZLH","caus_thomas_boxes_v3","3JWH6J9I9SEB2I4ULWI4E5IST9YBNB","0","1","0","Yes","Yes","Yes","No","50479","123093","2017-10-06 16:33:21","1654"
"A25N0K40JAZTN1","caus_thomas_boxes_v3","3MD9PLUKKIF7KG7ARAY70NPVKCJNZS","0","0","1","No","Yes","Yes","No","49390","129223","2017-10-06 16:33:22","1655"
"AXRHEJ3POWHEQ","caus_thomas_boxes_v3","3OHYZ19UGC6O1TZEGXILYJYR11GOA6","0","0","1","No","Yes","Yes","No","101176","275256","2017-10-06 16:33:32","1656"
"A1ADBGN4RBXYKB","caus_thomas_boxes_v3","39RP059MEHU5K0JU9V341QTSOJMMBK","0","0","1","No","Yes","Yes","No","46322","110743","2017-10-06 16:33:39","1657"
"A389AXSVPSU69G","caus_thomas_boxes_v3","3OUYGIZWR7ZALGDX3VY7YDR42K20PA","0","0","1","No","Yes","Yes","Yes","59137","178527","2017-10-06 16:33:51","1658"
"A189V9652OVX56","caus_thomas_boxes_v3","3X66WABAJWJ0PVJVJZQ362BJ45XG3F","1","1","1","No","No","Yes","No","91305","270119","2017-10-06 16:33:55","1659"
"A21KXWKFWGBCZ3","caus_thomas_boxes_v3","3OONKJ5DKCKTK346MBIHTUIXJJ3OB3","0","0","1","Yes","Yes","Yes","No","30694","95952","2017-10-06 16:33:58","1660"
"A3KB9R1IGO61Q9","caus_thomas_boxes_v3","3SKRO2GZ71S9HE1ZMMXZG1OFD211KC","1","1","0","No","Yes","Yes","No","81057","294308","2017-10-06 16:34:13","1661"
"A2WYEOT1O3OXPS","caus_thomas_boxes_v3","3L6L49WXW0YNRUDF2HCVCAC0SWF547","1","1","0","No","No","Not sure","No","158801","288680","2017-10-06 16:34:18","1662"
"A11R8G0FYA2UVQ","caus_thomas_boxes_v3","33NF62TLXJ3GCVH3CB35K1K17J0KJY","0","0","1","No","Yes","Yes","No","67307","146897","2017-10-06 16:34:20","1663"
"A5YVMQWA2IYPF","caus_thomas_boxes_v3","3300DTYQT2IUCIT6BFCBJ7JI1HYQED","0","1","1","No","Yes","Yes","No","65448","154665","2017-10-06 16:34:27","1664"
" A1V1K21WN49SDN","caus_thomas_boxes_v3","3AAPLD8UCCIJO8C0IKEC9FRID4PTHA","0","0","1","No","Yes","Yes","No","43216","154602","2017-10-06 16:35:57","1665"
"A3ITZNJQUTIZ4C","caus_thomas_boxes_v3","3WJ1OXY92AHLG1CY9GTP1X8RMWC8AN","0","1","0","No","Yes","Yes","No","86201","173407","2017-10-06 16:36:29","1666"
"A1XLGIFFGB01EU","caus_thomas_boxes_v3","3BXQMRHWKZZKGZS09MKZ6GLGD4WUMC","0","0","1","No","No","Yes","No","25402","106383","2017-10-06 16:36:35","1667"
"A2Z7HHTA5WOLL5","caus_thomas_boxes_v3","3WYP994K17SZ85RDW7A7K5U7JSQY62","0","0","1","No","Yes","Not sure","Yes","5690","41050","2017-10-06 16:37:02","1668"
"A3IFHO3DXO4P3","caus_thomas_boxes_v3","3S4AW7T80BJ1TJG0U4S2TZ8XEMIL4E","0","1","0","No","Yes","Yes","No","56390","168082","2017-10-06 16:37:07","1669"
"A29U4ZQRLMIB61","caus_thomas_boxes_v3","3FUI0JHJPXZZVJ77OKJJN8MA00X33Z","1","0","1","No","Yes","Yes","No","35662","107325","2017-10-06 16:38:34","1670"
"A20CZCJPRP54G9","caus_thomas_boxes_v3","3X08E93BHVJXPLH7QOFF1EAEKI066D","0","1","1","No","Yes","Yes","Yes","37463","105326","2017-10-06 16:38:46","1671"
"ARQVX5N01PRSF","caus_thomas_boxes_v3","3KIBXJ1WD5VUD680SOVASX1N6DFKOM","1","0","1","No","Yes","Yes","No","52244","131585","2017-10-06 16:38:48","1672"
"A3JIXUMSPOB36C","caus_thomas_boxes_v3","3SNVL38CI4TT4HBX2JMJXX76HZVCKG","0","0","1","No","Yes","Yes","No","84585","237244","2017-10-06 16:39:23","1673"
"A23SGBJULXN5DO","caus_thomas_boxes_v3","38SKSKU7R1YV1QFFFTU6N0IGJ4LILS","0","0","1","No","No","Not sure","No","9510","84240","2017-10-06 16:40:07","1674"
"A2EOVZR7NIRJLT","caus_thomas_boxes_v3","3A1COHJ8NJW0QOKCFM3HIJVVZR7H8C","0","1","1","No","Yes","Yes","No","52686","130749","2017-10-06 16:40:11","1675"
"A3JA4ZFQ2VLY7H","caus_thomas_boxes_v3","3OCHAWUVGOLH7FMSTFI6BASGIHFKXM","1","0","0","No","No","Yes","No","123131","484364","2017-10-06 16:40:25","1676"
"A2XIYK3272U6BV","caus_thomas_boxes_v3","3IQ1VMJRYTLLU6V8E8Z31T3262VA9F","0","0","1","Yes","No","Yes","No","53228","104571","2017-10-06 16:40:36","1677"
"A2TFMDDIPNF02W","caus_thomas_boxes_v3","3OLF68YTN92UVGMLHUZVBPPD90UAFB","0","1","0","Yes","Yes","Yes","No","98970","224624","2017-10-06 16:40:40","1678"
"A6ZAKE3FP8YKY","caus_thomas_boxes_v3","340UGXU9DY236MM9NELQTC4T4X8VUU","0","1","1","No","Yes","Yes","No","81827","123992","2017-10-06 16:40:41","1679"
"AUG9SHX7VWH7Z","caus_thomas_boxes_v3","340UGXU9DY236MM9NELQTC4T4XBVUX","0","0","1","Yes","No","Yes","Not sure","21257","52770","2017-10-06 16:40:56","1680"
"A1TT6I6PZ18LKM","caus_thomas_boxes_v3","3R2PKQ87NW9F78X0F5VLNDX5J9CIMV","0","1","1","No","Yes","Yes","No","27009","76369","2017-10-06 16:41:03","1681"
"A17497K07LP4RX","caus_thomas_boxes_v3","3HMVI3QICJT41JQGQ1YQP93QBHEY18","1","1","0","No","Yes","Yes","No","69956","161846","2017-10-06 16:41:47","1682"
"A32S7DRKL0MW0A","caus_thomas_boxes_v3","3AUQQEL7U5UNQ0ATP77645GMO86V0T","0","1","0","No","Yes","Yes","No","55598","172320","2017-10-06 16:41:55","1683"
"A37X1GHLB2HCX7","caus_thomas_boxes_v3","317HQ483I7TLPQI0R6AL0SM5OZHINQ","0","1","0","No","Yes","Yes","No","27935","95102","2017-10-06 16:42:06","1684"
"A8ZOAQ5DHGY16","caus_thomas_boxes_v3","3FFJ6VRIL1PI4UQTQ08NPGQSG6B0I2","0","0","1","No","Yes","Yes","No","132340","196937","2017-10-06 16:42:22","1685"
"A30WRV40L5NFYS","caus_thomas_boxes_v3","3OCHAWUVGOLH7FMSTFI6BASGIHLXK5","0","1","0","Yes","Yes","Not sure","No","37085","99322","2017-10-06 16:42:46","1686"
"ALDQRWYZ8KQ9A","caus_thomas_boxes_v3","3S06PH7KSR5138VPU5BCCOTPTTA1D5","0","1","1","No","Yes","Yes","Yes","58938","164198","2017-10-06 16:42:49","1687"
"A24ZZW0J3MOVYV
","caus_thomas_boxes_v3","3JNQLM5FT4NRQ51DQQ9E0KBZU8ML2I","1","0","0","No","Yes","Yes","Not sure","57488","79973","2017-10-06 16:43:07","1688"
"A30MP4LXV4MIFD","caus_thomas_boxes_v3","3X4MXAO0BGPO5JUX9UVHA30N473RWT","0","0","1","Yes","Yes","Yes","No","69511","146951","2017-10-06 16:43:20","1689"
"A2QVEKGGZT7BFK","caus_thomas_boxes_v3","3JV9LGBJWTFPBKCH2XAVU59UZWZGOG","1","0","1","No","Yes","Yes","No","54299","216135","2017-10-06 16:43:38","1690"
"A31UXXZVI3U4E2","caus_thomas_boxes_v3","3JCG6DTRV3RJ9LJBK67BDO8WKKRQQU","0","1","0","No","Yes","Yes","Not sure","36323","96883","2017-10-06 16:43:39","1691"
"AV15YFBYL71S6","caus_thomas_boxes_v3","31Q0U3WYDPGLMZUF3S8QCWJT7I817D","0","1","0","No","Yes","Yes","No","18425","78619","2017-10-06 16:43:44","1692"
"A1CWJQCFGM8XPV","caus_thomas_boxes_v3","3PJUZCGDJ6H7BI2THAFP52X7GEW89A","0","1","1","No","Yes","Yes","No","56771","139204","2017-10-06 16:44:00","1693"
"A35P8YSNTQ7OTP","caus_thomas_boxes_v3","38F5OAUN5NDWQAFT5HBB4JZ0O73H7R","0","0","1","No","Yes","Yes","Yes","46244","112828","2017-10-06 16:44:09","1694"
"A12VU5YSHGQH2V","caus_thomas_boxes_v3","38SKSKU7R1YV1QFFFTU6N0IGJ4NLIX","0","0","1","No","Yes","Yes","Not sure","32111","107503","2017-10-06 16:44:10","1695"
"A3NGCWKB476G7F","caus_thomas_boxes_v3","3TDXMTX3CBVDI5C8SPO4YH0JT9Y6IA","0","0","1","No","Yes","Yes","No","44122","147305","2017-10-06 16:44:11","1696"
"A1I05YTI67Y3QG","caus_thomas_boxes_v3","36AHBNMV1RDYTE6S6UILQB4Z0EEDYA","0","1","0","No","No","Yes","No","33218","106390","2017-10-06 16:44:18","1697"
"AOBTFLJU2BEPR
","caus_thomas_boxes_v3","3LJ7UR74RHERHJJL6H8H6RCMJHN4N4","0","1","1","No","No","Yes","No","12122","60705","2017-10-06 16:44:24","1698"
"A3UVW94KB9UBAJ","caus_thomas_boxes_v3","3F6HPJW4JD171ZDCU4GG9VSFSFPW2L","0","1","1","No","Yes","Yes","No","5698","35217","2017-10-06 16:44:26","1699"
"A8TIL9U6YHG5","caus_thomas_boxes_v3","3YDGXNSEOZV6ECWH0FJYOUMRUMH489","0","1","0","Yes","Yes","No","Yes","109678","269287","2017-10-06 16:44:34","1700"
"A2FBP73AQACKZ2","caus_thomas_boxes_v3","3JZQSN0I3QBV57ZO3UR57B0G7V8FGT","0","1","1","No","Yes","Yes","No","40973","104927","2017-10-06 16:45:28","1701"
"AFL51TGHCHC71","caus_thomas_boxes_v3","3H8DHMCCW9C399HB2FHUH3PO2ZAKDR","0","1","0","No","Yes","Yes","No","35146","120504","2017-10-06 16:45:36","1702"
"A3674XGKH8UXR4","caus_thomas_boxes_v3","3JNQLM5FT4NRQ51DQQ9E0KBZU8QL2M","0","1","0","No","Yes","Yes","No","34018","178143","2017-10-06 16:45:49","1703"
"A2OZO0I3XX690K","caus_thomas_boxes_v3","3Z2R0DQ0JHFDKZRL94MANPLFLBI2E9","0","1","0","No","Yes","Yes","No","38289","91361","2017-10-06 16:46:07","1704"
"A3O81LHBBI8NPK
","caus_thomas_boxes_v3","3T111IHZ5ERDTNHPGJLPWJSC66IR93","1","1","0","No","Not sure","Not sure","No","17696","85790","2017-10-06 16:46:10","1705"
"AWVSDERCNRHD0
","caus_thomas_boxes_v3","3WRFBPLXRAP6ZN0H633YWMKG5HQ3NH","0","1","0","No","Not sure","Yes","No","67598","240170","2017-10-06 16:46:11","1706"
"A1CC1ESUM2JWJ2","caus_thomas_boxes_v3","3BXQMRHWKZZKGZS09MKZ6GLGD4UUMA","0","1","0","No","Yes","Yes","No","29204","82237","2017-10-06 16:46:33","1707"
"AHZ5YRRIRTLJG","caus_thomas_boxes_v3","3YHH42UU5BGKUVYZB350HWIKXA70LI","0","0","1","No","Yes","Yes","No","78555","179883","2017-10-06 16:46:38","1708"
" AUXFTGFNKHP4Z
","caus_thomas_boxes_v3","3KJYX6QCM9CUS6BFBFHCMAVINHFVJ3","0","1","1","No","Yes","Yes","No","32558","88481","2017-10-06 16:47:12","1709"
"A29RJVVL54THB5","caus_thomas_boxes_v3","3VHP9MDGRNLIOVJJ18VMHKF193JCFJ","0","0","1","No","Yes","Yes","No","24775","114185","2017-10-06 16:47:22","1710"
"AQ9QT3L1WGEPO","caus_thomas_boxes_v3","3BWI6RSP7GAK60ORFG35JG2NWRDE7A","0","1","0","No","Yes","Yes","No","27155","73693","2017-10-06 16:47:59","1711"
"A19E486BK4N9KR","caus_thomas_boxes_v3","34S6N1K2ZVKV5V4V9BCLNOH1JRALH6","0","1","1","No","Yes","Yes","No","41927","114943","2017-10-06 16:48:13","1712"
"A2Z4VFK7LN3XUI","caus_thomas_boxes_v3","3PJ71Z61R43P0II8IP6AQSAZ28S19L","0","0","1","No","Yes","Yes","No","31136","86089","2017-10-06 16:48:45","1713"
"A1N4P4XGQM7NXE","caus_thomas_boxes_v3","34T446B1C0FRRR4TYQC1EDSX31NC08","0","1","0","Not sure","Not sure","Not sure","Yes","1023696","1053418","2017-10-06 16:49:07","1714"
"A1W16H497VK9Z2","caus_thomas_boxes_v3","3VJ40NV2QIOTGPYNMX92TOOJPQAOT0","0","1","0","No","Yes","Yes","Yes","46595","123054","2017-10-06 16:49:09","1715"
"ADG57UVEOGJ4N","caus_thomas_boxes_v3","3WS1NTTKEYDYU3O3PS22MJD00EMF0T","0","0","1","No","No","Yes","No","39436","91473","2017-10-06 16:49:19","1716"
"A2EABC3X5VMZ95","caus_thomas_boxes_v3","33CUSNVVNND7XDJJCI9B562WW8D88K","0","0","0","No","Yes","Yes","No","86265","224574","2017-10-06 16:49:30","1717"
"A31BO9NWS3PW78","caus_thomas_boxes_v3","3WQQ9FUS6AVQZBHQFUTLW8SX4E68BR","0","1","1","No","Yes","Yes","No","123718","211445","2017-10-06 16:49:34","1718"
"A3J85WP15JFYW0","caus_thomas_boxes_v3","3TDXMTX3CBVDI5C8SPO4YH0JT9ZI6N","1","1","1","No","Yes","Yes","No","11877","57702","2017-10-06 16:49:44","1719"
"A3PV8HAHROZ3RY","caus_thomas_boxes_v3","3E1QT0TDFPA0MJVWL4L2IVWAZ4R8I1","1","0","1","Yes","Not sure","No","Yes","26372","73862","2017-10-06 16:50:04","1720"
"A1OY40VC86UZZ5","caus_thomas_boxes_v3","37Z929RLG998EHQGTEQBDTYKMF9TSY","0","1","1","No","Yes","Yes","No","31597","95159","2017-10-06 16:50:29","1721"
"A38ECJNH8AQKV4
","caus_thomas_boxes_v3","3UJ1CZ6IZHQ6TFFQSI8DADS66CS5SO","0","1","0","Not sure","Not sure","Yes","No","37632","110042","2017-10-06 16:50:37","1722"
"AP37QQ9AABSY9","caus_thomas_boxes_v3","34Q075JO1XE74OUVITNHXH96Z4401E","0","1","1","No","Yes","Yes","Yes","35926","90560","2017-10-06 16:50:42","1723"
"A3DSDNBIYC78DK
","caus_thomas_boxes_v3","3AQF3RZ558JT8EAIRHIJVKNRDH96FM","0","0","1","No","Yes","Yes","Not sure","46675","143445","2017-10-06 16:51:00","1724"
"A1JW11G1QUNMGN
","caus_thomas_boxes_v3","3YGXWBAF70I8QFMUHRZ3QGIAKD24CF","0","0","1","No","Yes","Yes","No","24993","164268","2017-10-06 16:51:16","1725"
"A15J1TJ75G35SR","caus_thomas_boxes_v3","34BBWHLWHACBCKREJ718WBZWHBQIWM","0","1","1","No","Yes","Yes","No","35689","125637","2017-10-06 16:51:40","1726"
"A3UVLFU06C28RE","caus_thomas_boxes_v3","3SKRO2GZ71S9HE1ZMMXZG1OFD2A1KL","0","0","1","No","Yes","Yes","No","49991","140670","2017-10-06 16:51:42","1727"
"A3N7R7P9HP2YB6","caus_thomas_boxes_v3","3D4CH1LGEAUM4X8B08RDXFE54XAG9Z","0","0","1","No","Yes","Yes","Not sure","26324","98727","2017-10-06 16:52:21","1728"
"A121AATQLM27K8","caus_thomas_boxes_v3","3XLBSAQ9Z4DIHVFNB3HI4Q35KXO7ZB","0","0","1","No","Not sure","Yes","Yes","25187","94310","2017-10-06 16:52:24","1729"
"A4UIXESOEZI05","caus_thomas_boxes_v3","3P59JYT76LLF9I9IZZB5MBLGOLFT20","0","1","1","No","Yes","Yes","Not sure","36804","99801","2017-10-06 16:52:27","1730"
"A32W24TWSWXW","caus_thomas_boxes_v3","3MYYFCXHJ38L7R2ZJDVMG73PI5U4GP","0","0","1","Yes","Yes","Yes","No","122884","213148","2017-10-06 16:52:31","1731"
"A1M1TSMJB12177","caus_thomas_boxes_v3","30BUDKLTXDW5JWA8RNO8LWOR5LAE5N","1","1","1","No","No","Yes","Yes","31655","100129","2017-10-06 16:52:38","1732"
"A2OSXVGQUR6IL6","caus_thomas_boxes_v3","3ZQIG0FLQEHGYQBEIE0RB0PQPDQVW0","0","1","0","No","Yes","Yes","No","42000","126401","2017-10-06 16:53:04","1733"
"A1ACSOZEU441C6","caus_thomas_boxes_v3","3EWIJTFFVO86OPO7UHIW41S0OD80EX","0","1","0","No","Yes","Not sure","No","73670","185827","2017-10-06 16:53:57","1734"
"A1TKMDI890M1DE","caus_thomas_boxes_v3","3RANCT1ZVFIOX8O3IXUQS0AM15ZBUB","0","1","1","No","Yes","Yes","No","131001","273411","2017-10-06 16:54:22","1735"
"A2T7FFY79EWIJ2","caus_thomas_boxes_v3","3R0T90IZ1SDO2VFECS14Z5FDAILGCO","0","1","1","No","Yes","Yes","No","56280","148744","2017-10-06 16:54:25","1736"
"A2SHX1MACQJ5K5","caus_thomas_boxes_v3","31HQ4X3T3SBKV4IBK5OKR2O3S2TLST","0","1","0","No","Yes","Yes","No","119176","187725","2017-10-06 16:54:39","1737"
"ACDWBEBOTM2JW","caus_thomas_boxes_v3","3VNXK88KKCJ5MUY6P3QZXGHFRC6V9B","0","1","0","No","Yes","Yes","Yes","46670","103222","2017-10-06 16:54:40","1738"
"A1YTB9G04PC71S","caus_thomas_boxes_v3","3KRVW3HTZNM41M0WKHPZRF3SS7JSM2","0","1","1","No","Yes","Yes","No","43407","109013","2017-10-06 16:54:45","1739"
"A2E2UARVOVDR9Y","caus_thomas_boxes_v3","32SCWG5HIH55ZRZC5KEO7E1VFNU6PN","0","1","1","No","Yes","Yes","No","75015","132154","2017-10-06 16:54:49","1740"
"A6U2C66WQ7QQN","caus_thomas_boxes_v3","38F71OA9GTXVXHVAEXP0KGKD3HGMF4","0","1","0","No","Yes","Yes","No","33458","102056","2017-10-06 16:54:54","1741"
"A1HN4550TIXQBZ","caus_thomas_boxes_v3","35K3O9HUABEXLT3XXZ1H78F4UFNFE6","0","0","0","Yes","No","Yes","No","29170","114621","2017-10-06 16:55:44","1742"
"A2J5N770I859WE","caus_thomas_boxes_v3","3D8YOU6S9ELIRW78M6DIHKOUN4Q6UN","0","1","0","No","Yes","Yes","No","17475","55973","2017-10-06 16:56:25","1743"
"A6B39U9OTQOJ5","caus_thomas_boxes_v3","32ZKVD547FO4YEBK3DYP5RKMOSH3BX","0","1","1","Yes","Yes","Yes","No","33033","114786","2017-10-06 16:56:36","1744"
"A20PIEBHXCNSRP","caus_thomas_boxes_v3","392CY0QWG1SZ3I8U91VP1JG5XIX4IS","0","1","0","No","Yes","Yes","No","70914","134247","2017-10-06 16:56:44","1745"
"A1K8E6PV2GPJ3Q","caus_thomas_boxes_v3","3QIYRE09Y3IAPKM2JZPF8T5J7XHN1E","0","1","0","Not sure","No","Yes","Not sure","14561","39253","2017-10-06 16:56:52","1746"
"A3IJTM1XM7FE15","caus_thomas_boxes_v3","3NGMS9VZTLJPR73TSALNPQ046G2FFO","0","1","1","No","Yes","Yes","No","21816","73178","2017-10-06 16:57:38","1747"
"A1O96TUPE2GGW4","caus_thomas_boxes_v3","30LB5CDZNCB4ZKF3Q4W9PBTICJA0ZW","0","1","1","Not sure","No","Yes","Yes","29052","87800","2017-10-06 16:58:07","1748"
"AROOCBM042SJD","caus_thomas_boxes_v3","3DI28L7YXAF6VE9PQ0MWI6BAT5GE1G","1","1","0","No","Yes","Yes","No","40338","181620","2017-10-06 16:59:44","1749"
"A3KIZLHCD945UK
A3KIZLHCD945UK
","caus_thomas_boxes_v3","3Z7ISHFUH0WMH9K6L89OIQZ0VHW8Z1","0","0","0","No","Yes","Yes","Yes","36423","117592","2017-10-06 16:59:46","1750"
"A3GAQNTZ1V1VO","caus_thomas_boxes_v3","31LVTDXBL7B8UPIY5GOF1SJ760CLR7","0","0","1","No","Yes","Yes","No","33077","95718","2017-10-06 16:59:46","1751"
"A17LJ0O1QWBC9T","caus_thomas_boxes_v3","3N1FSUEFL51IV7S8HNUEAM0S5DL4DM","0","1","0","No","Yes","Yes","No","39028","113207","2017-10-06 17:00:19","1752"
"A154A1OVHFBDER","caus_thomas_boxes_v3","3JAOYWH7VI52QPMCBZOTA7JD0E6L9K","0","1","1","No","Yes","Yes","Not sure","36704","144322","2017-10-06 17:00:25","1753"
"A2E3TO92MCQ9XU","caus_thomas_boxes_v3","3F0BG9B9MPOIC55IFHFZQJU3E3C7YC","0","1","1","No","Yes","Yes","No","26508","76244","2017-10-06 17:00:30","1754"
"A2MQGU4NZZ8V0H","caus_thomas_boxes_v3","39O5D9O87TTN8J3QHDUKGBQ46DIC3E","0","1","1","No","Yes","Yes","Yes","43871","146990","2017-10-06 17:00:38","1755"
"A2MKXI4KCRRI7Y","caus_thomas_boxes_v3","3ZSY5X72NXCG0ALVI847T9N115EORO","0","1","1","No","Yes","Yes","No","39640","101214","2017-10-06 17:00:57","1756"
"ASKYLVBYB4YPO","caus_thomas_boxes_v3","3XM0HYN6NK09C6SRB2XMJ2T8WLNPEW","0","1","0","No","Yes","Yes","No","46823","146919","2017-10-06 17:00:57","1757"
"A2CEUCPDECS6U3","caus_thomas_boxes_v3","3FTOP5WARFPEZ5AZ8ITN1H5STLUJ0R","0","0","1","No","Yes","Yes","No","21054","82554","2017-10-06 17:01:42","1758"
"A2ED8KOPSAJRUB","caus_thomas_boxes_v3","3NG53N1RLVKS35I0YZBMRSXMLIQP8Y","0","1","1","No","Yes","Yes","No","28741","96256","2017-10-06 17:01:43","1759"
"A1CFMY4CEYOM8Y","caus_thomas_boxes_v3","345LHZDEDXTJUDKQ34FKAHCADDCU3T","1","0","0","No","No","Yes","No","42511","87087","2017-10-06 17:02:06","1760"
"A1LB9JOMFQ1UMG","caus_thomas_boxes_v3","3EKVH9QMEY58STDLD9BQH73ULZW2DV","0","1","0","No","Yes","Yes","No","23294","78022","2017-10-06 17:02:13","1761"
"ATATCYCP7QBQ9","caus_thomas_boxes_v3","32N49TQG3GJJRD8BH94ZTBSZXUFVAH","0","1","1","No","Yes","Yes","No","82429","187381","2017-10-06 17:02:32","1762"
"A1H1ZROJJ360M7","caus_thomas_boxes_v3","3OCHAWUVGOLH7FMSTFI6BASGIHTKX0","0","1","1","No","Yes","Yes","Yes","55533","127947","2017-10-06 17:03:16","1763"
"A2VL1N8V4ABJNL","caus_thomas_boxes_v3","32N49TQG3GJJRD8BH94ZTBSZXURAV8","0","1","1","No","Yes","Yes","No","141414","193977","2017-10-06 17:03:24","1764"
"A87D3K9YVKTQ7","caus_thomas_boxes_v3","38F5OAUN5NDWQAFT5HBB4JZ0O7W7HA","0","0","0","Yes","No","Yes","No","36739","78317","2017-10-06 17:04:12","1765"
"A1FUR4UJ0S46W6","caus_thomas_boxes_v3","3S06PH7KSR5138VPU5BCCOTPTT51D0","0","1","0","No","Yes","Yes","No","37177","103603","2017-10-06 17:05:19","1766"
"AEGJR6BE1ZRK0","caus_thomas_boxes_v3","3ZAZR5XV01JOTCAJ2KPTKCVJL8JZC0","0","1","1","No","Yes","Yes","Yes","59882","151463","2017-10-06 17:05:39","1767"
"A1FO1SROGRL5RH","caus_thomas_boxes_v3","3VA45EW49NOS75MEKEPSNI5OX7Q1OB","0","0","0","No","Yes","Yes","No","26801","116971","2017-10-06 17:05:44","1768"
"A2NAKIXS3DVGAA","caus_thomas_boxes_v3","392CY0QWG1SZ3I8U91VP1JG5XIM4IH","0","0","1","No","Yes","Yes","Not sure","20026","108771","2017-10-06 17:05:54","1769"
"A3P6BRCL0IC22S","caus_thomas_boxes_v3","3CTOC39K37RSHGAJTHEWGWFF1Z47JJ","1","1","0","Yes","No","Yes","Yes","9466","46429","2017-10-06 17:06:05","1770"
"AMDX0UNZS4A1G","caus_thomas_boxes_v3","3UNH76FOCS61X8C5JNHO91RT9S7MY2","0","1","0","No","Yes","Yes","No","55464","167877","2017-10-06 17:06:09","1771"
"ALL5YYZDJ4FB2","caus_thomas_boxes_v3","30IQTZXKAK7FUPFOPM8OSQD74JEX0Y","1","0","0","Not sure","Yes","Yes","No","5864","26293","2017-10-06 17:06:33","1772"
"A1IGIY5LNQEXQ7","caus_thomas_boxes_v3","3JBT3HLQF837N1JN7PBZ4CUQKRZZPF","1","0","0","No","Yes","Yes","No","38808","112873","2017-10-06 17:07:05","1773"
"A27PVIL93ZMY46","caus_thomas_boxes_v3","3PB5A5BD0V7IQEKILBTTJJNZ970G71","0","1","1","No","Yes","Yes","Not sure","27961","77387","2017-10-06 17:07:14","1774"
"AP43EYS9D1Z9E","caus_thomas_boxes_v3","3X73LLYYQ1FLTV7GLOS00GLQOMHNHH","1","1","0","No","Yes","Yes","No","65790","181340","2017-10-06 17:08:31","1775"
"A20J7F7PKEZZV2","caus_thomas_boxes_v3","3JWH6J9I9SEB2I4ULWI4E5IST91BNE","1","0","0","Yes","No","No","Yes","277048","762581","2017-10-06 17:08:46","1776"
"A1PTX4IB9R34LI","caus_thomas_boxes_v3","3WETL7AQWT929YUB237C25KUEX1354","1","1","0","No","No","Not sure","No","5942","48315","2017-10-06 17:09:12","1777"
"A1ZRK6K5JUPJAV","caus_thomas_boxes_v3","3FIJLY1B6U51IKSN6DHS1KE88M6PFI","0","1","1","No","Yes","Yes","No","50142","116038","2017-10-06 17:09:48","1778"
"ACSZKZPBGYYKO","caus_thomas_boxes_v3","32AT8R96GLANEU55TJGLIPKM5TSSU0","0","0","0","No","Yes","Yes","No","25694","84198","2017-10-06 17:10:03","1779"
"A40O6S62MI2VC
","caus_thomas_boxes_v3","3KXIR214I4HVSXUSKYAXE39O8M524K","1","1","1","No","Yes","Yes","No","63231","180284","2017-10-06 17:10:16","1780"
"A3QAHF4UUBM7ZO","caus_thomas_boxes_v3","3ZGVPD4G6TI5FTCUO6KJ9MVN9ULZTL","1","1","0","No","Yes","Yes","No","46264","125174","2017-10-06 17:10:19","1781"
"A1BJM9EIGHNOYH","caus_thomas_boxes_v3","3G5F9DBFOPYY10GPNFERAXF3APKVH7","0","1","1","No","Yes","Yes","No","42967","129289","2017-10-06 17:10:23","1782"
"A2IU5TX5S0FA1C","caus_thomas_boxes_v3","3R08VXYT7CWEN0AI0GXB5M9N3WR7WU","1","1","0","No","Yes","Yes","No","52095","126855","2017-10-06 17:10:42","1783"
"A95RHRMLHT89M","caus_thomas_boxes_v3","3VHP9MDGRNLIOVJJ18VMHKF194SCFU","1","0","1","Yes","Yes","Yes","No","15547","51958","2017-10-06 17:10:56","1784"
"A12MSYRHI3XWDT","caus_thomas_boxes_v3","3PS7W85Z8Z3Q92UHK8QKWYTUUSX9TI","0","1","0","No","Yes","Yes","No","40896","97681","2017-10-06 17:11:00","1785"
"ASV53ZC7ILJ7B","caus_thomas_boxes_v3","351SEKWQS0IYZXHENRUAWGHSR5GDM2","0","1","0","No","Yes","Yes","Not sure","39481","117611","2017-10-06 17:11:01","1786"
"A1YX741QQSMKPS","caus_thomas_boxes_v3","3ZAK8W07I4FNDLLTKHX18JE3A19U0F","0","0","1","No","Yes","Yes","Yes","56538","197051","2017-10-06 17:11:02","1787"
"A297WLY9EYPY0C","caus_thomas_boxes_v3","3MYYFCXHJ38L7R2ZJDVMG73PI5A4G5","0","0","0","No","Yes","Yes","Not sure","86698","219737","2017-10-06 17:11:08","1788"
"A2E3SM3T01ENIR","caus_thomas_boxes_v3","33IZTU6J812FVYZ0YOR82WJQZB9SXS","0","1","1","No","Yes","Yes","No","41400","136010","2017-10-06 17:11:19","1789"
"A1S2EEPUZP11LO","caus_thomas_boxes_v3","386CSBG1OZNQZ30R5XTD7JR5KKQ6QQ","0","1","1","No","Yes","Yes","No","59506","132393","2017-10-06 17:11:38","1790"
"A26T6O5EFR54A9","caus_thomas_boxes_v3","3Y9N9SS8LYCXDB94H9PV0H8MREZ3DC","0","1","1","No","Yes","Yes","No","43634","112242","2017-10-06 17:11:45","1791"
"A3REK98S3MBVHW","caus_thomas_boxes_v3","3X65QVEQI0O4ONTFNJYKCXKL60ECLZ","1","0","0","No","Yes","Yes","No","21018","111890","2017-10-06 17:11:50","1792"
"A3J84UA7THFJGI","caus_thomas_boxes_v3","37WLF8U1WPR4O02WSS9GBXFWLDLK6X","1","0","0","No","Yes","Yes","Yes","46284","152212","2017-10-06 17:12:02","1793"
"A3GXC3VG37CQ3G","caus_thomas_boxes_v3","3E4GGUZ1T8SG6ZJV5QXDLKYK59WK2V","0","1","0","No","Yes","Yes","Not sure","39569","123379","2017-10-06 17:12:07","1794"
"A28XX39V2XCXJE","caus_thomas_boxes_v3","3HHRAGRYX86AWAP9OR4L2ON7VKG9OW","0","1","0","No","Yes","Yes","No","45392","121730","2017-10-06 17:12:10","1795"
"A2YGAEODJ5SSF6","caus_thomas_boxes_v3","3EG49X351UDA8013RBO51RNYHMV6X3","0","1","0","No","Yes","Yes","Not sure","42306","116848","2017-10-06 17:12:44","1796"
"A3VDFWL4MI3KPA","caus_thomas_boxes_v3","3RGU30DZTA9B2JH6XNGLZEC5WPDMJP","0","0","1","No","Yes","Yes","No","37849","100149","2017-10-06 17:12:55","1797"
"A159MC0L7J302O","caus_thomas_boxes_v3","3J4Q2Z4UTY4OTIFXWF6H5DQI8MJQWB","0","1","0","No","No","Yes","Not sure","19071","99997","2017-10-06 17:13:12","1798"
"A26RO8GGTQAXGG","caus_thomas_boxes_v3","3PDJHANYK5HDMA1OM76JY5Z4TXU6HU","0","1","0","No","Yes","Yes","Yes","39028","107415","2017-10-06 17:13:17","1799"
"A1LA42KQBKSYBL","caus_thomas_boxes_v3","3TEM0PF1Q5Y1WJA7YM7CYJAFO2F0DE","1","1","0","No","Yes","Yes","Not sure","66836","249330","2017-10-06 17:13:20","1800"
"AHUNYGJQNFHM0","caus_thomas_boxes_v3","3JWH6J9I9SEB2I4ULWI4E5ISTAEBNT","0","1","0","No","Yes","Yes","No","51086","141926","2017-10-06 17:13:21","1801"
"A2MCRVU8I9VNHG","caus_thomas_boxes_v3","30LSNF239UWP04T75NC184J7D582I3","0","1","1","No","Yes","Yes","No","45012","120934","2017-10-06 17:13:27","1802"
"A14OQ52EFQAN2W","caus_thomas_boxes_v3","3R2UR8A0IAH0X677R7AZIR9P2M6XO0","0","1","1","No","Yes","Yes","Not sure","5455","134874","2017-10-06 17:13:43","1803"
"A3KT7FHYY6PF2P","caus_thomas_boxes_v3","3VAR3R6G1P2AI56ZJZY72SSWBDXO8J","1","1","0","No","Yes","Yes","Yes","18762","146520","2017-10-06 17:13:50","1804"
"A1E94U14N16SYJ","caus_thomas_boxes_v3","3X87C8JFV6CVM1YOCAWG8ONX28MQST","0","0","1","No","Yes","Yes","No","157808","280593","2017-10-06 17:13:51","1805"
"A312SMN11YLE66","caus_thomas_boxes_v3","369J354OFDBZME6D21O1D5N3EXH6GV","0","1","1","Not sure","No","No","No","5120","313519","2017-10-06 17:13:52","1806"
"AR95C0P53AFWJ","caus_thomas_boxes_v3","3KKG4CDWKIZ6SHFR57PCOQH2ETH49I","0","1","1","No","Yes","Yes","No","34161","97528","2017-10-06 17:14:07","1807"
"A2HRMD4SU5X2EW","caus_thomas_boxes_v3","358010RM5EUVNQG4SJWDDJ3XYF3XV2","0","0","1","No","Yes","Yes","No","112199","236697","2017-10-06 17:14:10","1808"
"A2FFSROM5P4VNP","caus_thomas_boxes_v3","3XIQGXAUMC9TC0F8ALTX75NUCXN7XB","0","0","0","No","Yes","Yes","No","64618","167235","2017-10-06 17:14:39","1809"
"A3RBT1V8BGYB2K","caus_thomas_boxes_v3","3AUQQEL7U5UNQ0ATP77645GMO9J0VD","0","1","1","No","Yes","Yes","No","35968","85559","2017-10-06 17:14:45","1810"
"A3NENUY6H263YT","caus_thomas_boxes_v3","3CFJTT4SXTRWM5QDBZTW4V0FOLTI7Y","1","1","0","No","Yes","Yes","No","36160","107946","2017-10-06 17:15:09","1811"
"ATJTC7R3F4XHL","caus_thomas_boxes_v3","3YZ8UPK3VTN77DG9WXQL3KG4JR8UCC","0","1","1","No","Yes","Yes","No","37913","103302","2017-10-06 17:15:15","1812"
"A25AJ66CYVUTBR","caus_thomas_boxes_v3","30JNVC0OR9L6WSK81GKH4AGVTX5QH8","1","0","0","Yes","Yes","Yes","No","40908","124564","2017-10-06 17:15:30","1813"
"A221JJK7P6K22W","caus_thomas_boxes_v3","3BXQMRHWKZZKGZS09MKZ6GLGD5BMUL","0","0","1","No","Yes","Yes","No","19526","54462","2017-10-06 17:16:08","1814"
"A197FECF831H95","caus_thomas_boxes_v3","32UTUBMZ7GXOAND3NN4VOMC5FDIBVC","0","0","1","No","Yes","Yes","No","24968","86069","2017-10-06 17:16:44","1815"
"A2D2XQP00IZFR1","caus_thomas_boxes_v3","3Y4W8Q93LZLHPKBN1JV1JC05IYTVD2","0","1","0","No","Yes","Yes","No","65497","189839","2017-10-06 17:17:05","1816"
"A2HHK2B1GUH9GX","caus_thomas_boxes_v3","3J4Q2Z4UTY4OTIFXWF6H5DQI8MKWQI","0","1","1","Yes","No","Yes","No","29960","97810","2017-10-06 17:17:08","1817"
"A3ATU3VULAB7K2","caus_thomas_boxes_v3","3JBT3HLQF837N1JN7PBZ4CUQKS2ZPK","0","0","1","No","Yes","Yes","No","73840","167833","2017-10-06 17:17:19","1818"
"A104H3ISRW8A1C","caus_thomas_boxes_v3","3D3VGR7TA0GRELS9ZAKF56PQ6FS3RK","0","0","1","No","Yes","Yes","No","24807","67188","2017-10-06 17:17:26","1819"
"A38DC3BG1ZCVZ2","caus_thomas_boxes_v3","3WR9XG3T63C2EYRYQARSAUQWJ2B47M","0","1","1","No","No","Yes","No","25664","70253","2017-10-06 17:17:51","1820"
"A26JIHKBORI9X","caus_thomas_boxes_v3","3FE2ERCCZX9VOX5G5G0IOENM0O0PO9","0","1","1","No","Yes","Yes","No","28143","95503","2017-10-06 17:17:59","1821"
"A2A72QRNT0QXK6","caus_thomas_boxes_v3","3AAJC4I4FGTB1QGPCC6F7G8EBTWZJK","0","0","0","No","Yes","Yes","No","48373","177038","2017-10-06 17:18:16","1822"
"AD368A1RHHRC3","caus_thomas_boxes_v3","3L4D84MILZTPA5GV6Q087949F3GJHF","0","1","0","No","Yes","Yes","No","39692","125887","2017-10-06 17:18:20","1823"
"A2MSVKXC1F3WIU","caus_thomas_boxes_v3","3M0BCWMB8VX1PCD8DX9RAOVJMLHWB2","0","0","0","No","Yes","Yes","No","11271","58770","2017-10-06 17:18:25","1824"
"A3pqugiqqbpr98","caus_thomas_boxes_v3","320DUZ38G7NBA9LKMKIQM9S802ZGJ7","1","0","0","Yes","Not sure","No","No","138280","503395","2017-10-06 17:18:26","1825"
"A3S86M2DZAEJ5E","caus_thomas_boxes_v3","3II4UPYCOJ8PKCF6FK1RDP1X15CQDZ","0","0","1","No","Yes","Yes","No","45576","115260","2017-10-06 17:18:28","1826"
"A1P8M5BKOTAA8I","caus_thomas_boxes_v3","3CP1TO84PT2DOGYSY3T7JVF28J352X","1","1","0","No","Yes","Yes","No","51929","159639","2017-10-06 17:18:42","1827"
"A2WLGVXAVT2XTR","caus_thomas_boxes_v3","3X3OR7WPZZ12CK3267IFABO2G8G8LA","0","1","1","No","Yes","Yes","No","91371","182808","2017-10-06 17:18:42","1828"
"A2U5K5WW79T4Q2","caus_thomas_boxes_v3","3PQ8K71NHXLZZP5D6ED3XOEMCKNAA4","1","0","0","Yes","Yes","Yes","No","41617","109455","2017-10-06 17:18:46","1829"
"AWH1ADU3OJMMK","caus_thomas_boxes_v3","3QHK8ZVMIMJLEI199J2P1DE3OFGBLT","0","1","1","No","Yes","Yes","No","66176","196137","2017-10-06 17:18:57","1830"
"A19ZWBQT8A3LIR","caus_thomas_boxes_v3","3LWJHTCVCCNMIWT26QWH1P4IDISQFA","0","1","0","No","Yes","Yes","No","31726","86332","2017-10-06 17:19:02","1831"
"A5OQUSV6QQSXN","caus_thomas_boxes_v3","31JLPPHS2UVOH80T7I3BBBKLVS8O3W","0","0","0","No","Yes","Yes","Not sure","28873","99416","2017-10-06 17:19:04","1832"
" A3SOJWB6AZWZV9
","caus_thomas_boxes_v3","3E7TUJ2EGCNJSDYKYIQ5RUB8R6BD95","0","0","1","No","Yes","Yes","No","29582","87630","2017-10-06 17:19:08","1833"
"A1COQN0KWD4WDH","caus_thomas_boxes_v3","3LWJHTCVCCNMIWT26QWH1P4IDJVQFF","0","1","1","No","Yes","Yes","Not sure","40640","119907","2017-10-06 17:19:17","1834"
"A3IS28VQS5T5DE","caus_thomas_boxes_v3","36NEMU28XFEX83H54MZ0O46DYLNMWL","0","1","0","No","Yes","Yes","No","67180","135854","2017-10-06 17:19:44","1835"
"A2OVIHW0FX4AJK","caus_thomas_boxes_v3","3KRVW3HTZNM41M0WKHPZRF3SS8QSMB","0","1","0","No","Yes","Yes","No","42810","124157","2017-10-06 17:19:50","1836"
"AAXOAPIBFQUCB","caus_thomas_boxes_v3","3PDJHANYK5HDMA1OM76JY5Z4TWMH6V","1","0","1","No","Yes","Yes","No","155215","1723548","2017-10-06 17:20:16","1837"
"A3CPZZNZDLFL6Z","caus_thomas_boxes_v3","3E7TUJ2EGCNJSDYKYIQ5RUB8R699DZ","0","1","0","No","Yes","Yes","No","9016","68922","2017-10-06 17:20:25","1838"
"A15Y1NIIP9O5F3","caus_thomas_boxes_v3","30JNVC0OR9L6WSK81GKH4AGVTY6QHB","0","1","0","No","Yes","Yes","No","67784","147991","2017-10-06 17:20:50","1839"
"A2ZJAEL03VTZ8","caus_thomas_boxes_v3","3PB5A5BD0V7IQEKILBTTJJNZ97J7GB","0","1","0","No","Yes","Yes","No","24671","102286","2017-10-06 17:20:53","1840"
"A3FY7A6Z3EVNRX","caus_thomas_boxes_v3","3EQHHY4HQST33A6ZXIEWLZ93I275GF","0","0","1","No","Yes","Yes","No","40376","109883","2017-10-06 17:20:58","1841"
"A2ELDYT1S772YH","caus_thomas_boxes_v3","34FNN24DCMA3P1RZRO02SZG7NYZ5YF","1","1","0","Yes","Yes","Yes","No","48226","144848","2017-10-06 17:20:58","1842"
"A1HBWO2YYGYQ8F","caus_thomas_boxes_v3","3VZLGYJEYLBCWALETGLGYPGTMRCXZ7","1","1","0","No","Yes","Yes","No","66549","168254","2017-10-06 17:21:07","1843"
"A20K80GWXI69Z7","caus_thomas_boxes_v3","34YB12FSQYP1BHR5PHVI21KP4WLMG8","0","1","1","No","Yes","Yes","No","58772","130337","2017-10-06 17:21:11","1844"
"AR1IWBDA7MC86","caus_thomas_boxes_v3","3JMSRU9HQIVMHQPNXE6LPUIQI9SVER","0","1","1","No","Yes","Yes","Not sure","46704","122640","2017-10-06 17:21:17","1845"
"A1MRVUJ60WSDKW","caus_thomas_boxes_v3","39GAF6DQWR1NXPVBLQB6IAZWT1S1VK","0","0","1","No","Yes","Not sure","No","63339","178554","2017-10-06 17:22:55","1846"
"ADVIE0ZHLWDDH","caus_thomas_boxes_v3","3PWWM24LHSZWBYHUW10AVFPTA95823","0","1","0","Yes","Yes","Yes","No","31372","99508","2017-10-06 17:23:01","1847"
"A2NL38BFEE3BVY
","caus_thomas_boxes_v3","3LS2AMNW5FRGO96V5TF7OJDW5KNQO2","0","0","1","No","Yes","Yes","No","23904","82741","2017-10-06 17:23:21","1848"
"A1A2X0T1XE8K89","caus_thomas_boxes_v3","3B4YI393V9X7ZHD14ELL3O2YKX8SSN","0","0","1","No","Yes","Yes","No","24314","72827","2017-10-06 17:23:26","1849"
"A2CUBA783W1689","caus_thomas_boxes_v3","39L1G8WVWQS3LGTS1G50ZF7D2H031Q","0","1","0","No","Yes","Yes","Yes","43480","154348","2017-10-06 17:23:33","1850"
"A1UUNYHX3M8O3O","caus_thomas_boxes_v3","3NAPMVF0ZWGSBKCBMW84HFTYZP027B","0","1","0","No","Yes","Yes","No","7090","34701","2017-10-06 17:23:42","1851"
"A36GHTWMC0PKD7","caus_thomas_boxes_v3","3YGXWBAF70I8QFMUHRZ3QGIAKEJC46","0","1","0","Not sure","Yes","Yes","No","613708","774688","2017-10-06 17:24:02","1852"
"A1R37XA9QPSIAN","caus_thomas_boxes_v3","3WYP994K17SZ85RDW7A7K5U7JTB6YX","0","0","1","No","Yes","Yes","No","53401","129879","2017-10-06 17:24:41","1853"
"AQNIO8YEHWUBR","caus_thomas_boxes_v3","3EQHHY4HQST33A6ZXIEWLZ93I2A5GI","0","1","1","No","Yes","Yes","Not sure","31437","99913","2017-10-06 17:24:55","1854"
"A1G4QY3W5J5PMW","caus_thomas_boxes_v3","3TVRFO09GKGSRL4AEFU7QA5V7H1XLJ","0","0","1","No","Yes","Yes","No","33047","93701","2017-10-06 17:25:06","1855"
"A2UF2FRGVW4T89","caus_thomas_boxes_v3","3OB0CAO74HQF5UBUSQ1BHWJXS7QHY8","0","0","0","No","Yes","Yes","No","147442","287164","2017-10-06 17:25:12","1856"
"A21H6PJDHFR74C","caus_thomas_boxes_v3","33JKGHPFYCV7L98RCL8DSLTM58BNML","0","1","0","No","Yes","Yes","No","66064","227274","2017-10-06 17:25:48","1857"
"A3W1WV731SLD7X","caus_thomas_boxes_v3","37UQDCYH6XW18BADA6SFJKQ9WMO7VH","1","1","1","No","Yes","Yes","No","129721","268745","2017-10-06 17:25:51","1858"
"A2D132LR7K69W4","caus_thomas_boxes_v3","3R2PKQ87NW9F78X0F5VLNDX5J9MMI9","1","0","0","Yes","No","Not sure","Not sure","20742","40002","2017-10-06 17:26:23","1859"
"AWPBDDOHTUNOF
AWPBDDOHTUNOF
AWPBDDOHTUNOF
AWPBDDOHTUNOF
AWPBDDOHTUNOF
AWPBDDOHTUNOF","caus_thomas_boxes_v3","3GDTJDAPVUCMI2LN6JJUAO3RGEN8MV","0","1","0","No","Yes","Yes","Not sure","45921","148336","2017-10-06 17:26:23","1860"
"A21H2UDDHN8ZF","caus_thomas_boxes_v3","3LS2AMNW5FRGO96V5TF7OJDW5JJQOW","0","1","0","No","Yes","Yes","Yes","38944","100045","2017-10-06 17:26:29","1861"
"A142ZRU284W9O","caus_thomas_boxes_v3","31LM9EDVOLTHK1269OVLCT151EFNJG","0","1","0","No","No","Not sure","Yes","6988","58677","2017-10-06 17:26:50","1862"
"A1AVXU9Q6510AC","caus_thomas_boxes_v3","3X3OR7WPZZ12CK3267IFABO2G9XL86","0","1","0","No","Yes","Yes","No","40087","116073","2017-10-06 17:27:40","1863"
"A2A6FH0F7LD9ND","caus_thomas_boxes_v3","35BLDD71I6YKSLGJT1KYA4J86F1VZX","0","1","0","Yes","Yes","No","Yes","174998","308791","2017-10-06 17:27:42","1864"
"A15XX0WDRG29E7","caus_thomas_boxes_v3","37C0GNLMHF4WAUWM0BNT7KK614L6D3","0","0","1","No","Yes","Yes","No","112292","184405","2017-10-06 17:27:43","1865"
"A1RTSWQLSN8FKX","caus_thomas_boxes_v3","3MYYFCXHJ38L7R2ZJDVMG73PI6FG4O","0","1","0","No","Yes","Yes","Yes","29603","131349","2017-10-06 17:27:59","1866"
"A2I9PUZT19ZBO8","caus_thomas_boxes_v3","3LQ8PUHQFLTTFUWPO8F8V8P92OTIH4","0","1","1","No","Yes","Yes","No","59795","161266","2017-10-06 17:29:03","1867"
"A1A3TGZ7DKJWRW","caus_thomas_boxes_v3","37ZHEEHM6WNHW28UQWM90PYQ52V37G","0","1","1","No","Yes","Yes","No","29207","84320","2017-10-06 17:29:20","1868"
"A2SY4E7MRC15MM","caus_thomas_boxes_v3","31HQ4X3T3SBKV4IBK5OKR2O3S34LS6","0","1","0","No","No","Yes","No","61465","246404","2017-10-06 17:30:23","1869"
"A12EQIULBHM4HJ","caus_thomas_boxes_v3","3QL2OFSM96JUCNW0ZWEZPPOABVINCG","0","1","0","No","No","No","No","28619","106667","2017-10-06 17:30:23","1870"
"A2COAUZ1TISD2Q","caus_thomas_boxes_v3","3K2755HG5S4STNPX14QX1QXJU49FD2","1","1","1","No","No","Yes","No","48690","157036","2017-10-06 17:30:37","1871"
"AEZ64TVDZQOU6","caus_thomas_boxes_v3","3MRNMEIQW57ETFZTNFTVW323R0UDL4","0","1","1","No","Yes","Yes","Yes","44179","118618","2017-10-06 17:30:57","1872"
"A2RHJT0OMA09YH","caus_thomas_boxes_v3","3YJ6NA41JBHHNMEJP38DGI601TNPJL","1","1","1","No","No","Yes","No","7751","55062","2017-10-06 17:31:10","1873"
"A3PFCSK5U4TXPM","caus_thomas_boxes_v3","3K9FOBBF2HKNFRQ6C97YS8EX54WNLW","0","1","1","No","Yes","Yes","No","33279","385159","2017-10-06 17:31:11","1874"
"AEWPAZBYA7XE","caus_thomas_boxes_v3","31QNSG6A5RU3XZE02DH5R661LPT87L","0","1","1","No","Yes","Yes","No","51770","119894","2017-10-06 17:31:13","1875"
"AK467M5VTG7N4","caus_thomas_boxes_v3","384PI804XS27Y8TPVC21TIWFP5P0S8","1","0","0","No","Yes","Yes","No","42707","167339","2017-10-06 17:31:41","1876"
"A231ZXYHPSNUJQ","caus_thomas_boxes_v3","3M81GAB8A0KW5FHM1OALIZDXYL6QB0","1","1","0","No","Yes","Yes","No","39796","124594","2017-10-06 17:32:15","1877"
"AUCHGHY1IKZZK","caus_thomas_boxes_v3","31LVTDXBL7B8UPIY5GOF1SJ761MRLP","1","0","1","Not sure","Not sure","Not sure","No","14083","53533","2017-10-06 17:32:37","1878"
"A1UHNDB2EQ8TK0","caus_thomas_boxes_v3","33FOTY3KEMMRYGPBU9G1SIB78UEC1Y","1","1","0","Not sure","Not sure","No","No","8609","22806","2017-10-06 17:32:54","1879"
"A1CUTQUSPA2DPU","caus_thomas_boxes_v3","37UQDCYH6XW18BADA6SFJKQ9WNP7VK","0","1","1","No","Yes","Yes","No","56832","143208","2017-10-06 17:32:59","1880"
"A1WWPREEDRRKML","caus_thomas_boxes_v3","3VAR3R6G1P2AI56ZJZY72SSWBE3O8R","0","1","0","No","Yes","Yes","Not sure","30098","118969","2017-10-06 17:33:43","1881"
"A3KX8PBHVFQZ3U","caus_thomas_boxes_v3","32XVDSJFPZYBWNJYQ2AT0XQOUERM22","0","1","0","No","Yes","Yes","No","64376","393698","2017-10-06 17:34:13","1882"
"A2SY2N44N1RWVA","caus_thomas_boxes_v3","3300DTYQT2IUCIT6BFCBJ7JI1HDQES","0","1","1","No","Yes","Yes","No","52821","158408","2017-10-06 17:34:30","1883"
"A133QG754CGS3I","caus_thomas_boxes_v3","3SNLUL3WO4O0AHAF9AJK636RDZJLUE","1","0","0","Not sure","No","Yes","No","32181","122782","2017-10-06 17:34:37","1884"
"A27O2IILV3S5YS","caus_thomas_boxes_v3","3HHRAGRYX86AWAP9OR4L2ON7VJFO98","1","1","1","Not sure","No","Not sure","No","83185","134802","2017-10-06 17:34:49","1885"
"A1BH6H9WRK49I","caus_thomas_boxes_v3","3WS1NTTKEYDYU3O3PS22MJD00FV0FP","0","1","1","No","Yes","Yes","Yes","26831","84537","2017-10-06 17:34:53","1886"
"A3UV55HC87DO9C","caus_thomas_boxes_v3","3MB8LZR5BFUM7L53FWFI0GXTB9QKLN","0","1","0","No","No","Yes","No","19980","70385","2017-10-06 17:34:56","1887"
"ADTIO3A6TM9CG","caus_thomas_boxes_v3","3Q8GYXHFEP3QMYQUVWIDV8OOKAJ5C9","0","0","1","Yes","Yes","Yes","No","35156","111874","2017-10-06 17:35:14","1888"
"A3KW8RIWBQ1O7F","caus_thomas_boxes_v3","3TE3O8573092T3WQVA6AMWKY01W2RC","0","1","1","No","Yes","Yes","No","48800","121067","2017-10-06 17:35:40","1889"
"A3MFK5UEUG95M3","caus_thomas_boxes_v3","3XXU1SWE8MW3YC7VECGA8I293ZL0AF","0","1","0","No","Yes","Yes","No","32894","91063","2017-10-06 17:37:42","1890"
"A1LLV91TH1SR7C","caus_thomas_boxes_v3","39GHHAVOMFSVYTS0RJGPDKV5AYX4JH","0","1","1","No","Not sure","Yes","No","325325","602932","2017-10-06 17:37:43","1891"
"ANYB94DHDJKNO","caus_thomas_boxes_v3","36W0OB37HWFFAKLZOC3UV3SZY1XZHK","0","0","1","No","Yes","Yes","Yes","27777","112773","2017-10-06 17:37:51","1892"
"A18T7E73TNGOKP","caus_thomas_boxes_v3","32RIADZISS5OXWBQEDP35LMS6HA4SX","1","0","0","Not sure","No","Not sure","No","6664","34515","2017-10-06 17:38:10","1893"
"AZK9NAQHMNYNX","caus_thomas_boxes_v3","3ZGVPD4G6TI5FTCUO6KJ9MVN9VPTZL","0","1","0","No","Yes","Yes","Yes","46044","128115","2017-10-06 17:38:29","1894"
"A3R457FAWQXZN3","caus_thomas_boxes_v3","3MH9DQ757WDKOPWEYJM4TB1JHJZUGL","0","1","1","No","Yes","Yes","Yes","39427","98429","2017-10-06 17:38:40","1895"
"AK7FDS2KRJZLA","caus_thomas_boxes_v3","3KWTYT08704JP2K089BCYREBEIHL5N","1","1","0","No","No","Not sure","No","11642","76149","2017-10-06 17:39:15","1896"
"A3VGVIXUXNBUMS","caus_thomas_boxes_v3","3V5Q80FXIXSAA1BOKK5E4YHIUNH239","0","0","0","Not sure","Not sure","Not sure","No","53328","140236","2017-10-06 17:39:19","1897"
"A2KBTDHM44J7X4","caus_thomas_boxes_v3","3M0NZ3JDP1Z3UR14NA2L66P9TS6Z53","0","1","0","No","Yes","Yes","No","37824","118943","2017-10-06 17:39:20","1898"
"A3UNDL8E74UKWG","caus_thomas_boxes_v3","3ERET4BTVMAR6J4UQZCSV76YBESK97","1","0","1","No","Yes","Yes","No","56944","190425","2017-10-06 17:39:28","1899"
"AGV198KSRYPX2
","caus_thomas_boxes_v3","308Q0PEVB8E00OE6QWRGIRRLJABI92","0","0","0","No","Yes","Yes","Not sure","364696","475891","2017-10-06 17:41:38","1900"
"A1ADGLKC2F1CHS","caus_thomas_boxes_v3","3PWWM24LHSZWBYHUW10AVFPTA9228U","1","1","1","Not sure","Yes","No","Not sure","9775","59664","2017-10-06 17:41:41","1901"
"A1TGV7LT6LTIQU","caus_thomas_boxes_v3","3DZQRBDBSLG3F0SMEZKKVGUMSHE3SB","0","0","1","No","Yes","Yes","Yes","42294","129363","2017-10-06 17:41:55","1902"
"A10P4QR80NTZFQ","caus_thomas_boxes_v3","3GGAI1SQEVZOU5B0NVZZCAZA65BMCI","0","1","0","No","Yes","Yes","No","38786","102207","2017-10-06 17:42:01","1903"
"A3FP9YHFUFOGB0","caus_thomas_boxes_v3","3R6BYFZZP7D6RTUES4R9VX0BAMIFX1","0","1","1","No","No","Yes","No","121178","207398","2017-10-06 17:42:13","1904"
"A3W43CPMT8R9QX","caus_thomas_boxes_v3","3QL2OFSM96JUCNW0ZWEZPPOABVFCN2","0","1","0","No","Yes","Yes","No","62711","322641","2017-10-06 17:45:28","1905"
"A3QJJR5Y3XE92N","caus_thomas_boxes_v3","3N8OEVH1FRRD3XTFQGN3ZEIWQJ8OOV","0","1","1","No","Yes","Yes","Yes","40685","152348","2017-10-06 17:46:17","1906"
"AK3H5QRAROFGP","caus_thomas_boxes_v3","3FUI0JHJPXZZVJ77OKJJN8MA007339","0","1","1","No","Yes","Yes","No","45592","115804","2017-10-06 17:51:55","1907"
"ABCNBEDISMEXV","caus_thomas_boxes_v3","3M0NZ3JDP1Z3UR14NA2L66P9TS05Z3","1","0","1","No","Yes","Yes","Not sure","94062","185479","2017-10-06 17:52:15","1908"
"AKP8JDWC6AXQ9","caus_thomas_boxes_v3","34BBWHLWHACBCKREJ718WBZWHC5WIH","1","0","0","No","Yes","Yes","Not sure","46162","135722","2017-10-06 17:53:15","1909"
"A3A1IHUGRNCVOM","caus_thomas_boxes_v3","3TUI152ZZBOVSHZUZRHWCN0OC9DQ1F","0","0","1","No","Yes","Yes","No","38928","409037","2017-10-06 17:54:50","1910"
"A18G2CLYSTENK","caus_thomas_boxes_v3","3EFVCAY5L3AWHUF23M62UWBACKQJ80","1","1","1","No","No","Yes","No","5204","82090","2017-10-06 17:56:21","1911"
"A3JT22BLG866CK","caus_thomas_boxes_v3","3MAOD8E57QBIFL7VQSAM329KCD2NXE","0","1","0","No","Yes","Yes","No","28867","132569","2017-10-06 17:58:04","1912"
"A241OXM83X8OYF","caus_thomas_boxes_v3","3MTMREQS4VJW628G7J9VFDBD44ZAWQ","0","1","0","No","Yes","Yes","No","114078","198281","2017-10-06 18:02:13","1913"
